Company;Email
АЭРОСТАР ООО;aerostar@aerostar.by
ЭМОНС ЭКСПЕДИЦИЯ СООО;info@emons.by
БЕЛЭКС-ЛОГИСТИК ОДО;office@beleks.com
ДАЙМЭКС-БЕЛ ИНОСТРАННОЕ УНИТАРНОЕ ПРЕДПРИЯТИЕ;info@minsk.dimex.ws
БЕЛЭКС И К ОДО;office@beleks.com
КВЕНБЕРГЕР ЛОГИСТИКС БЕЛ ИНОСТРАННОЕ ТРАНСПОРТНО-ЭКСПЕДИЦИОННОЕ УНИТАРНОЕ ПРЕДПРИЯТИЕ;cargo@quehenberger.by
АВСУС ЧАСТНОЕ ПРЕДПРИЯТИЕ;info@awsus.by
НЭК-БРЕСТ УП;brestnek@brest.by
БЕЛИНТЕРТРАНС ТРАНСПОРТНО-ЛОГИСТИЧЕСКИЙ ЦЕНТР БЕЛ Ж/Д УП ГОМЕЛЬСКИЙ ФИЛИАЛ;gomel@belint.by
РЕЗОНАНС ООО;info@rezonans.by
ДЛС БЕЛОРОССИЯ ЛОГИСТИКС ООО;info@dls-logistics.by
БЕЛИТРАНС-ЭКСПЕДИЦИЯ СООО;mail@belitrans.com
КЭНВИ ОДО;kanvi@bk.ru
ВВИП ТРАНС ООО;vviptrans@mail.ru
ВЫСТАВОЧНЫЙ ЭКСПЕДИТОР УП;info@ekspeditor.com
БЕЛАМРО ООО;info@belamro.by
СИФУД-СЕРВИС ЗАО / SEAFOOD-SERVICE CJSC;office@seafoodservice.by
БЕЛТРАНСКОНТРАКТ ООО;1btk@mail.ru
БЕЛТАМОЖСЕРВИС РУП ВИТЕБСКИЙ ФИЛИАЛ;znslog@vitebsk.declarant.by
АДМ ЛОГИСТИК ЧАСТНОЕ ТРАНСПОРТНО-ЭКСПЕДИЦИОННОЕ УНИТАРНОЕ ПРЕДПРИЯТИЕ;admlogistic@mail.ru
ЛИДАСПЕЦАВТОТРАНС ОАО;lidaspecavtotrans@mail.lida.by
ПРЕМИУМТРАНС ЧАСТНОЕ ПРЕДПРИЯТИЕ;premtrans@mail.ru
ТИТУБИ ООО;info@t2b.by
КРИСТАЛЛИНТЕРТРАНС СП ООО;kristalitrans@tut.by
СТАР УЧТТП;star.lida@mail.ru
ВИОЛАТРАНССЕРВИС УП;violatransservis@mail.ru
ЗУБАРИК О.В. ИП;zybarik@tut.by
ПРОСПЕР ТЕХНО ООО;info@prosper.ru
НОРТРОП ИП ООО;a.mishoulkov@nortrop.by
СОТЕЛА УП;info@sotela.by
ГАЛЕОНАВТО ООО;3991116@gmail.com
M&M МИЛИТЦЕР & МЮНХ СООО;info@mum.by
ГРОДНООБЛАВТОТРАНС ОАО;avtotrans@avtotrans.grodno.by
ТРАНСИЛА УП;transila@yandex.ru
АВТОРОУТ ПРО ООО;mail@autorioute-pro.com
ИНТАЙМЛОГИСТИК ЧТУП;info@intimelogistic.by
СЭЙВ ГРУПП ООО;savegroup@mail.ru
ЗИМЭКСТРЭЙД ЧТЭУП;info@zimextrade.by
КОМПАНИЯ ББП-ГРУПП ООО;bbp-group@mail.ru
СТРИМЛАЙН ЛТД ООО;info@trans.by
ДЕЛИВЕРИТРАНС ЧАСТНОЕ СЕРВИСНОЕ УНИТАРНОЕ ПРЕДПРИЯТИЕ;dlwtrans@mail.ru
АЛТИТУДО ЧУП;altitudo@mail.ru
ТЕХСТРОЙРЕСУРС ПЛЮС ООО;info@tsrplus.by
ГОНЧАРКО С.В. ИП;express-master@tut.by
ПРОФИТТРАНСЛОГИСТИК ООО;profit-tl@yandex.ru
ВИТАНА УЧСТП КУДЫРКО Т.Г.;vitana_grodno@tut.by
АЛЬБАТРАНС ООО;albatrans@mail.ru
МОЛОДЕЧНОТРАНСАВТО ЧАСТНОЕ ПРЕДПРИЯТИЕ;transpiter@mail.ru
АЮА-ТРАНС ЧТУП;aya-kupec@yandex.ru
ПЕЧНИКОВ И К УП;pechnikov2003@rambler.ru
ИНПАТРАНС ООО;inpatrans@mail.ru
ТММ ЭКСПРЕСС ООО;tmmexspress@mail.ru
ТРАНС ВАНС ЧТУП;trans_vans@mail.ru
ВВХ-АВТО ОДО;vvhavto@gmail.com
АРИЮС ЛОГИСТИКС ООО;v.kireyko@arijus.by
ДИВАЛДО ООО;divald2010@yahoo.com
ТРАНСВИЗИОН ООО;nosul35@mail.ru
ИГНАТОВИЧ-ТРАНСТРЕЙД ЧУТП;genrih_ignatoviс@mail.ru
БЕЛРОСМАГИСТРАЛЬ ЧТУП;belrosmagistral@mail.ru
ТРАНСКОНСАЛТ БРЕСТ ООО;info@transconsult.by
ТВ ЛОГИСТИК ООО;vlad.nik80@mail.ru
ПОСТПРОМПРЕСТИЖ ООО;postprompr@mail.ru
ВОСАНА ООО;vosananp@yandex.by
ТОПАЗ-ТРАНС ООО;topaztrans@mail.ru
ЭЛЬ-ТРАНС ООО;el-trans.grodno@mail.ru
БФР ИООО;yura.ron@gmail.com
АВТОКАС ИООО;avtokas@mail.ru
НАСС-АВТО ОДО;nass-avto@yandex.ru
ЗЛАТА НОВА ООО;zlatanova@tut.by
ДПД БЕЛ ИООО;order_by@dpd.by
ЭКСПРЕССПОСТ ЧУП;ip.kamenko@gmail.com
ПИСКУР Н.В. ИП;pok-spec@mail.ru
СЛУЖБА ТРАНСПОРТНОГО СЕРВИСА ЧАСТНОЕ ПРЕДПРИЯТИЕ;tafi-sts@mail.ru
ТЕХНООПТТОРГ ООО;tehnoopttorg@mail.ru
ЛАЙТ-ОНЭСТ ООО;info@lh-minsk.com
ТЕРРА-ИНКОМ ОДО;terraincom@mail.ru
ТРАНСАЛАНТА ООО;trans-alanta@mail.ru
КСТРАНС ООО;info.kstrans@gmail.com
ВИНИС-ТРАНС-ПЛЮС УНИТАРНОЕ ИНОСТРАННОЕ ТРАНСПОРТНОЕ ПРЕДПРИЯТИЕ;smolskaya.g@vt-plus.ru.
ДОСТАВКА ТОВАРОВ ИП ОСИПЧИК В.Г.;6116868@mail.ru
ДИЭСВИ ТРАНСПОРТ ИНОСТРАННОЕ УНИТАРНОЕ ПРЕДПРИЯТИЕ;info@by.dsv.com
ЭЛЛАДАТРАНС ООО;elledatrans@mail.ru
ВИВАТТРАНС ЧТУП;lena_10mais@mail.ru
ГУЛБИС ООО;info@gulbis.by
АВТОМОБИЛЬНАЯ ЭВАКУАЦИЯ ООО;stilxxl@mail.ru
БЕЛАВТОПЛЮС ТРАНС ООО;belar_m@mail.ru
ВНЕШЭКОНОМСЕРВИС ООО;info@vnesheconomservice.by
ВИКТРАНС ООО;viktrans@mail.ru
ОВАЛ СОЛЮШНЗ УНИТАРНОЕ ПРЕДПРИЯТИЕ;to@oval.by
САЛЕТАТРАНС ООО;lena_h1@tut.by
АТЛАС-ТРАНС ЧАСТНОЕ ПРЕДПРИЯТИЕ;office@atlas-trans.com
ДЕЛЬТАСПЕДИШН ООО;epi@deltaunion.by
НОРТОН-ВЭЙ ООО;296600525@mail.ru
БЕЛТРАНСВЕЙС СООО;info@beltransways.com
ПОЛОЦКАЯ КРЕПОСТЬ ЧТУП;1585900@mail.ru
ФОРСЕГА ООО;info@forsega.com
ЛИБЕРТИЭКСПРЕСС ООО;sales@libexpress.by
БЕЛТАМОЖСЕРВИС РУП ГРОДНЕНСКИЙ ФИЛИАЛ;otesl@grodno.declarant.by
К.Л. БРЕСТ ЧТУП;info@klbrest.by
ПРАШКОВИЧ PRASHKOVICH ЧАСТНОЕ ПРЕДПРИЯТИЕ;prashk@tut.by
АЛВИЛИДАТРАНС ООО;alvilidatrans@tut.by
БЕЛИНТЕРТРАНС ТРАНСПОРТНО-ЛОГИСТИЧЕСКИЙ ЦЕНТР БЕЛ Ж/Д УП ГРОДНЕНСКИЙ ФИЛИАЛ;grodno@belint.by
РИКМАНС ООО;info@2trans.by
БЕЛЕВРОВЕСТТРАНС ЧУП;belraf@mail.ru
ГЛАВДОСТАВКА ПАРТНЕР ООО ТМФ-ТРАНС;info.minsk@glavdostavka.ru
БАРКОВ-ТРАНС ЧТУП;barkov-trans@gmail.com.
ВИТРАНС ООО;info@vitrans.by
ОРИОН ОДО;inga.orion@yandex.by
ТРАНСЛЕОН ЧУП;info@transleon.by
КОМКОРТС ООО;info@komkor.by
ДИМАВТОТРАНС ООО;dimautotrans@mail.ru
АЛЕСТИ И КА ЧУП;alesti.ka@tut.by
БЕЛОБОИ-АВТОТРАНС ТРАНСПОРТНОЕ УНИТАРНОЕ ПРЕДПРИЯТИЕ;beloboiavto@gmail.com
ГРУЗЭКСПО ООО;info@gruzexpo.by
СИНЯК В.В. ИП;vladimir609@tut.by
ВИЛИЯТРАНСАВТО ЧТУП;viliyatransavto@gmail.com
M&M МИЛИТЦЕР & МЮНХ СООО ФИЛИАЛ;gomel-1@mum.by
ТАМОЖГРУПП ОДО;info@tamozhgrupp.by
ПОЛТАРТРАНС ОДО;poltartrans@mail.ru
